title,url,created_at,updated_at,published_date,summary,content,category,author,thumbnail_url,image_url,publisher_id,publisher_name,publisher_url
Championing Urban Biodiversity for People and the Planet,https://www.klsescreener.com/v2/news/view/1335847,2024-06-03 00:06:04,2024-06-04 16:05:13,2024-06-03 00:00:00,"Sime Darby Property’s strong emphasis on urban biodiversity highlights its dedication to implementing nature-based solutions to enhance flora and fauna. These efforts are crucial for community resilience, safeguarding future communities and ecosystems, and enriching the quality of life for all. As a proponent of urban biodiversity, the Group is committed to preserving, regenerating, and strengthening healthy ecosystems across its townships and developments.","<div class=""ceonothumb pb-5 imgw-800 mx-auto d-block""><a class=""mobx embedimg-icon"" data-desc=""Wildlife Park at the City of Elmina"" data-rel=""ceolightbox"" href=""//myassets.theedgemalaysia.com/pics/2024/SDP-Elimna_BC03062024_thumb_tem.jpg""><img alt="""" src=""//myassets.theedgemalaysia.com/pics/2024/SDP-Elimna_BC03062024_img1_tem.jpg"" /></a>
<div class=""thumb-cap"">Wildlife Park at the City of Elmina</div>
</div>

<div class=newsTextDataWrapInner><p>Sime Darby Property’s strong emphasis on urban biodiversity highlights its dedication to implementing nature-based solutions to enhance flora and f",,,https://assets.theedgemarkets.com/SDP-Elimna_BC03062024_thumb_tem.jpg,https://assets.theedgemarkets.com/SDP-Elimna_BC03062024_thumb_tem.jpg,52,TheEdge,http://www.theedgemarkets.com/categories/malaysia
Ringgit to remain in tight range versus US dollar,https://www.klsescreener.com/v2/news/view/1335949,2024-06-03 09:33:26,2024-06-03 09:33:26,2024-06-03 00:00:00,"KUALA LUMPUR: The ringgit is likely to remain in range-bound trading against the US dollar this week as markets further digest the global economic outlook, says an analyst.","<div class=""inline-img""><div class=""story-image""></div></div><div id=""story-body"" class=""story bot-15 relative""><p>KUALA LUMPUR: The ringgit is likely to remain in range-bound trading against the US dollar this week as markets further digest the global economic outlook, says an analyst.</p><p>Bank Muamalat Malaysia Bhd chief economist Dr Mohd Afzanizam Abdul Rashid said the local currency would likely linger in a narrow range of around 4.7000 after appreciating in the previous week.</p><p>He said the market’s focus started to shift to the upcoming Federal Open Market Committee meeting, which i",,,https://apicms.thestar.com.my/uploads/images/2024/06/03/2728474.jpg,https://apicms.thestar.com.my/uploads/images/2024/06/03/2728474.jpg,28,TheStar,http://www.thestar.com.my/news/latest/?tag=Business
Japan’s services sector to raise investments,https://www.klsescreener.com/v2/news/view/1335947,2024-06-03 09:33:26,2024-06-03 09:33:26,2024-06-03 00:00:00,KUALA LUMPUR: Japanese companies in the services sector in Malaysia are expected to increase investments here.,"<div class=""inline-img""><div class=""story-image""><p class=""caption"">Jetro</p></div></div><div id=""story-body"" class=""story bot-15 relative""><p>KUALA LUMPUR: Japanese companies in the services sector in Malaysia are expected to increase investments here.</p><p>Managing director of Japan External Trade Organisation (Jetro) Kuala Lumpur, Koichi Takano, said Japanese restaurants are making forays here while some legal firms are jointly opening branches with Malaysian partners.</p><p>“Malaysia continues to be an attractive destination for Japanese companies, with some planning to expand in the manu",,,https://apicms.thestar.com.my/uploads/images/2024/06/03/2728469.jpg,https://apicms.thestar.com.my/uploads/images/2024/06/03/2728469.jpg,28,TheStar,http://www.thestar.com.my/news/latest/?tag=Business
FBM KLCI likely to face downward pressure,https://www.klsescreener.com/v2/news/view/1335945,2024-06-03 09:33:25,2024-06-03 09:33:25,2024-06-03 00:00:00,"KUALA LUMPUR: Bursa Malaysia is expected to face continued downward pressure this week as investors remain cautious, focusing on defensive sectors and avoiding risky investments.","<div class=""inline-img""><div class=""story-image""></div></div><div id=""story-body"" class=""story bot-15 relative""><p>KUALA LUMPUR: Bursa Malaysia is expected to face continued downward pressure this week as investors remain cautious, focusing on defensive sectors and avoiding risky investments.</p><p></p><p>Maybank Investment Bank Bhd chartist Nik Ihsan Raja Abdullah said the FBM KLCI may struggle to find an upward momentum unless there are unexpected positive developments in global or local economic data.“Based on the recent global market developments, the benchmark index is expected to face a ",,,https://apicms.thestar.com.my/uploads/images/2024/06/03/2728468.jpg,https://apicms.thestar.com.my/uploads/images/2024/06/03/2728468.jpg,28,TheStar,http://www.thestar.com.my/news/latest/?tag=Business
Autodesk board replaces CFO after investigation,https://www.klsescreener.com/v2/news/view/1335943,2024-06-03 09:33:23,2024-06-03 09:33:23,2024-06-03 00:00:00,NEW YORK: Autodesk Inc reassigned its chief financial officer (CFO) after an internal investigation into accounting practices delayed financial filings for weeks.,"<div class=""inline-img""><div class=""story-image""></div></div><div id=""story-body"" class=""story bot-15 relative""><p>NEW YORK: Autodesk Inc reassigned its chief financial officer (CFO) after an internal investigation into accounting practices delayed financial filings for weeks.</p><p>Deborah Clifford, who has been CFO since March 2021, will become chief strategy officer, effective immediately, the company said last Friday in a statement.</p><p>Elizabeth Rafael, an Autodesk board member, was appointed interim CFO and remains on the board.</p><p>The decision to replace Clifford as CFO was made by",,,https://apicms.thestar.com.my/uploads/images/2024/06/03/2728467.jpg,https://apicms.thestar.com.my/uploads/images/2024/06/03/2728467.jpg,28,TheStar,http://www.thestar.com.my/news/latest/?tag=Business
Malaysia’s Islamic finance ecosystem set to attract more investments,https://www.klsescreener.com/v2/news/view/1335941,2024-06-03 09:33:23,2024-06-03 09:33:23,2024-06-03 00:00:00,"KANGAR: The growing Islamic financial ecosystem in Malaysia has the potential to attract more investments, not only from Islamic countries but also from investors who prioritise ethical principles and social responsibility.","<div class=""inline-img""><div class=""story-image""></div></div><div id=""story-body"" class=""story bot-15 relative""><p>KANGAR: The growing Islamic financial ecosystem in Malaysia has the potential to attract more investments, not only from Islamic countries but also from investors who prioritise ethical principles and social responsibility.</p><p>Associate Prof Dr Mohd Zukime Mat Junoh, senior lecturer at the Faculty of Business and Communication, Universiti Malaysia Perlis, said that one of the attractions of the Islamic financial system is its adherence to syariah requirements, transparency, and",,,https://apicms.thestar.com.my/uploads/images/2024/06/03/2728473.jpg,https://apicms.thestar.com.my/uploads/images/2024/06/03/2728473.jpg,28,TheStar,http://www.thestar.com.my/news/latest/?tag=Business
Laurentian bucks bank trend by slashing Toronto office space,https://www.klsescreener.com/v2/news/view/1335937,2024-06-03 09:22:31,2024-06-03 09:22:31,2024-06-03 00:00:00,TORONTO: Laurentian Bank of Canada is slashing its Toronto office space by two-thirds as it leans into a hybrid work model and seeks cost savings amid a broader strategic revamp.,"<div class=""inline-img""><div class=""story-image""></div></div><div id=""story-body"" class=""story bot-15 relative""><p>TORONTO: Laurentian Bank of Canada is slashing its Toronto office space by two-thirds as it leans into a hybrid work model and seeks cost savings amid a broader strategic revamp.</p><p>The lender recorded charges of C$13.2mil in the fiscal second quarter “mainly related to the impairment of its premises,” the company said in a statement last Friday.</p><p>The reductions wouldn’t affect Laurentian’s Montreal headquarters, corporate offices in Burlington, Ontario, or network of reta",,,//images.weserv.nl/?url=https://apicms.thestar.com.my/uploads/images/2024/06/03/2728466.jpg&w=300,https://apicms.thestar.com.my/uploads/images/2024/06/03/2728466.jpg,28,TheStar,http://www.thestar.com.my/news/latest/?tag=Business
Rise in credit card and other unsecured debt in Singapore,https://www.klsescreener.com/v2/news/view/1335935,2024-06-03 09:22:30,2024-06-03 09:22:30,2024-06-03 00:00:00,"SINGAPORE: Credit card billings continued to stay above the S$20bil mark in the first quarter of 2024, although there was a slight fall of about 5% from the high of S$24.3bil in the previous quarter.","<div class=""inline-img""><div class=""story-image""></div></div><div id=""story-body"" class=""story bot-15 relative""><p>SINGAPORE: Credit card billings continued to stay above the S$20bil mark in the first quarter of 2024, although there was a slight fall of about 5% from the high of S$24.3bil in the previous quarter.</p><p>The billings first crossed S$20bil in the third quarter of 2022.</p><p>The latest amount of S$23.1bil may have been a dip from the previous quarter, but credit card rollover balance and bad debts written off have risen, according to the credit and charge card statistics from the",,,https://apicms.thestar.com.my/uploads/images/2024/06/03/2728465.jpeg,https://apicms.thestar.com.my/uploads/images/2024/06/03/2728465.jpeg,28,TheStar,http://www.thestar.com.my/news/latest/?tag=Business
South Korea’s chip exports lead trade gains supporting economy,https://www.klsescreener.com/v2/news/view/1335933,2024-06-03 09:22:30,2024-06-03 09:22:30,2024-06-03 00:00:00,"SEOUL: South Korea’s export growth continued last month, led by demand for semiconductors, supporting optimism among policymakers for a better-than-expected economic expansion this year.","<div class=""inline-img""><div class=""story-image""><p class=""caption"">Renewed optimism: Samsung Electronics reports better-than-expected earnings                           as demand for its memory chips recovers. — Bloomberg</p></div></div><div id=""story-body"" class=""story bot-15 relative""><p>SEOUL: South Korea’s export growth continued last month, led by demand for semiconductors, supporting optimism among policymakers for a better-than-expected economic expansion this year.</p><p>Shipments that reflect working-day differences increased 9.2% from a year earlier, according to data released by th",,,https://apicms.thestar.com.my/uploads/images/2024/06/03/2728152.jpg,https://apicms.thestar.com.my/uploads/images/2024/06/03/2728152.jpg,28,TheStar,http://www.thestar.com.my/news/latest/?tag=Business
Gap’s red carpet pivot is a hit with shoppers,https://www.klsescreener.com/v2/news/view/1335931,2024-06-03 09:22:29,2024-06-03 09:22:29,2024-06-03 00:00:00,NEW YORK: Wall Street likes what Gap Inc is selling.,"<div class=""inline-img""><div class=""story-image""><p class=""caption"">On the mend: Gap’s flagship store in Shanghai, China. The company’s  recent earnings provide evidence of        a textbook retail recovery as sales improved         and margins expanded. — Bloomberg</p></div></div><div id=""story-body"" class=""story bot-15 relative""><p>NEW YORK: Wall Street likes what Gap Inc is selling.</p><p>The retailer’s shares jumped more than 28% last Friday – the most since November 2023 – following an eye-popping earnings report that showed a fashion overhaul by new chief executive officer Richard Dickso",,,https://apicms.thestar.com.my/uploads/images/2024/06/03/2728154.jpg,https://apicms.thestar.com.my/uploads/images/2024/06/03/2728154.jpg,28,TheStar,http://www.thestar.com.my/news/latest/?tag=Business
Bankers brace for IPO surge as elections end,https://www.klsescreener.com/v2/news/view/1335921,2024-06-03 09:11:29,2024-06-03 09:11:29,2024-06-03 00:00:00,"New Delhi: India has turned into Asia’s hottest market for share sales including initial public offerings (IPOs), and as elections come to a close, a bumper crop of deals is poised to set a record as investors seek to tap the rapid growth in the region’s third-largest economy.","<div class=""inline-img""><div class=""story-image""><p class=""caption"">Growth engine: Steel being forged in a factory in Hooghly, India. Activity in the equity market is expected to rise sharply now that the country’s elections are over. — Reuters</p></div></div><div id=""story-body"" class=""story bot-15 relative""><p>New Delhi: India has turned into Asia’s hottest market for share sales including initial public offerings (IPOs), and as elections come to a close, a bumper crop of deals is poised to set a record as investors seek to tap the rapid growth in the region’s third-largest economy.</p><p></",,,https://apicms.thestar.com.my/uploads/images/2024/06/03/2728148.JPG,https://apicms.thestar.com.my/uploads/images/2024/06/03/2728148.JPG,28,TheStar,http://www.thestar.com.my/news/latest/?tag=Business
Household spending going strong,https://www.klsescreener.com/v2/news/view/1335919,2024-06-03 09:11:27,2024-06-03 09:11:27,2024-06-03 00:00:00,"PETALING JAYA: Domestic consumer spending, a key economic driver, is expected to maintain resilience amid higher inflationary pressure and challenges.","<div class=""inline-img""><div class=""story-image""><p class=""caption"">OCBC Bank senior Asean economist Lavanya Venkateswaran </p></div></div><div id=""story-body"" class=""story bot-15 relative""><p>PETALING JAYA: Domestic consumer spending, a key economic driver, is expected to maintain resilience amid higher inflationary pressure and challenges.</p><p>Economists are projecting household spending to expand by 4% to 5% this year, which is a commendable growth although lower than the pre-Covid-19 pandemic growth rate of 7%.</p><p>However, economists and analysts concurred that the consumer spending t",,,https://apicms.thestar.com.my/uploads/images/2024/06/03/2728130.jpg,https://apicms.thestar.com.my/uploads/images/2024/06/03/2728453.jpg,28,TheStar,http://www.thestar.com.my/news/latest/?tag=Business
Challenges remain in stablising gold market in Vietnam,https://www.klsescreener.com/v2/news/view/1335917,2024-06-03 09:11:27,2024-06-03 09:11:27,2024-06-03 00:00:00,"HANOI: After nine gold auctions, the State Bank of Vietnam (SBV) will no longer be using the measure to try and stabilise the market but instead introduce other administrative tools next week, says the central bank’s head.","<div class=""inline-img""><div class=""story-image""></div></div><div id=""story-body"" class=""story bot-15 relative""><p>HANOI: After nine gold auctions, the State Bank of Vietnam (SBV) will no longer be using the measure to try and stabilise the market but instead introduce other administrative tools next week, says the central bank’s head.</p><p>The goal is to reduce the gap between domestic and global gold prices, as well as to increase transparency in gold-market transactions.</p><p>Speaking at the socio-economic discussion session on May 29, Nguyen Thi Hong, the governor of the SBV, said that r",,,https://apicms.thestar.com.my/uploads/images/2024/06/03/2728460.jpg,https://apicms.thestar.com.my/uploads/images/2024/06/03/2728460.jpg,28,TheStar,http://www.thestar.com.my/news/latest/?tag=Business
Experts laud plan for carbon reduction,https://www.klsescreener.com/v2/news/view/1335915,2024-06-03 09:11:26,2024-06-03 09:11:26,2024-06-03 00:00:00,"Beijing: The carbon reduction action plan released by China’s State Council last Wednesday signals a clear energy-saving roadmap and timeline, experts say.","<div class=""inline-img""><div class=""story-image""><p class=""caption"">Workers cleaning solar panels work on the rooftop of the factory of energy equipment manufacture Iraeta on the outskirts of Jinan in eastern China's Shandong province on March 21, 2024. It's the leading province for renewable energy capacity, but that also means it's the first to encounter the difficulties of rapid growth. (AP Photo/Ng Han Guan)</p></div></div><div id=""story-body"" class=""story bot-15 relative""><p>Beijing: The carbon reduction action plan released by China’s State Council last Wednesday signals a clear energy-s",,,https://apicms.thestar.com.my/uploads/images/2024/06/03/2728138.jpg,https://apicms.thestar.com.my/uploads/images/2024/06/03/2728138.jpg,28,TheStar,http://www.thestar.com.my/news/latest/?tag=Business
China and US aim to tackle climate issues,https://www.klsescreener.com/v2/news/view/1335913,2024-06-03 09:11:26,2024-06-03 09:11:26,2024-06-03 00:00:00,"SAN FRANCISCO: Officials from the United States and China gathered last Wednesday in Berkeley, California, putting aside national tensions to focus on a shared challenge: climate change.","<div class=""inline-img""><div class=""story-image""><p class=""caption"">FILE -- California Gov. Gavin Newsom speaks during a news conference in Sacramento, California, on May 10, 2024. Newsom signed a law on Thursday, May 23, 2024, temporarily allowing Arizona doctors come to California to perform abortions. (AP Photo/Rich Pedroncelli,File)</p></div></div><div id=""story-body"" class=""story bot-15 relative""><p>SAN FRANCISCO: Officials from the United States and China gathered last Wednesday in Berkeley, California, putting aside national tensions to focus on a shared challenge: climate change.</p><p",,,https://apicms.thestar.com.my/uploads/images/2024/06/03/2728133.jpg,https://apicms.thestar.com.my/uploads/images/2024/06/03/2728133.jpg,28,TheStar,http://www.thestar.com.my/news/latest/?tag=Business
Over 30% of Vietnamese consumers keen on EVs,https://www.klsescreener.com/v2/news/view/1335911,2024-06-03 09:11:24,2024-06-03 09:11:24,2024-06-03 00:00:00,"HANOI: More than 30% of Vietnamese consumers are interested in purchasing electric vehicles (EVs), according to a recent global automotive consumer study from Deloitte.","<div class=""inline-img""><div class=""story-image""><p class=""caption"">VinFast Auto Ltd. electric vehicle VF e34 models at a charging station outside a company's showroom in Hanoi, Vietnam. - Bloomberg</p></div></div><div id=""story-body"" class=""story bot-15 relative""><p>HANOI: More than 30% of Vietnamese consumers are interested in purchasing electric vehicles (EVs), according to a recent global automotive consumer study from Deloitte.</p><p></p><p>The main drivers for the interest are reduced operating costs, climate-change concerns, and personal health benefits. Driving experience is also an im",,,https://apicms.thestar.com.my/uploads/images/2024/06/03/2728458.jpg,https://apicms.thestar.com.my/uploads/images/2024/06/03/2728458.jpg,28,TheStar,http://www.thestar.com.my/news/latest/?tag=Business
"Telcos to strengthen core, new growth areas",https://www.klsescreener.com/v2/news/view/1335909,2024-06-03 09:11:24,2024-06-03 09:11:24,2024-06-03 00:00:00,"PETALING JAYA: Malaysian telecommunication companies (telcos) will be focusing on strengthening their core and new growth areas, as they navigate the challenges ahead.","<div class=""inline-img""><div class=""story-image""></div></div><div id=""story-body"" class=""story bot-15 relative""><p>PETALING JAYA: Malaysian telecommunication companies (telcos) will be focusing on strengthening their core and new growth areas, as they navigate the challenges ahead.</p><p><a href=""/business/marketwatch/stocks/?qcounter=MAXIS"" target=""_blank"">Maxis Bhd</a><a href=""http://charts.thestar.com.my/?s=MAXIS"" target=""_blank""><img class=""go-chart"" src=""https://cdn.thestar.com.my/Themes/img/chart.png""></a> chairman Tan Sri Mokhzani Mahathir said he is cognisant of the challenges and pote",,,https://apicms.thestar.com.my/uploads/images/2024/06/03/2728457.jpeg,https://apicms.thestar.com.my/uploads/images/2024/06/03/2728457.jpeg,28,TheStar,http://www.thestar.com.my/news/latest/?tag=Business
LPI Capital expects challenging year ahead amid uncertainties,https://www.klsescreener.com/v2/news/view/1335907,2024-06-03 09:11:23,2024-06-03 09:11:23,2024-06-03 00:00:00,"PETALING JAYA: LPI Capital Bhd expects the year ahead to remain challenging, amid uncertainties both domestically and internationally.","<div class=""inline-img""><div class=""story-image""></div></div><div id=""story-body"" class=""story bot-15 relative""><p>PETALING JAYA: <a href=""/business/marketwatch/stocks/?qcounter=LPI"" target=""_blank"">LPI Capital Bhd</a><a href=""http://charts.thestar.com.my/?s=LPI"" target=""_blank""><img class=""go-chart"" src=""https://cdn.thestar.com.my/Themes/img/chart.png""></a> expects the year ahead to remain challenging, amid uncertainties both domestically and internationally.</p><p>Chairman Tee Choon Yeow said advanced economies are still at risk of falling into recession, while political strife worsened furt",,,https://apicms.thestar.com.my/uploads/images/2024/06/03/2728456.JPG,https://apicms.thestar.com.my/uploads/images/2024/06/03/2728456.JPG,28,TheStar,http://www.thestar.com.my/news/latest/?tag=Business
Vietnam auto industry hits a speed bump - facing a significant downturn in sales,https://www.klsescreener.com/v2/news/view/1335905,2024-06-03 09:11:23,2024-06-03 09:11:23,2024-06-03 00:00:00,"HANOI: The Vietnam car industry is facing a significant downturn in sales and high inventory levels, despite government efforts to provide support through tax and fee reductions, according to auto experts.","<div class=""inline-img""><div class=""story-image""><p class=""caption"">FILE PHOTO: A VinFast VF 8 model is seen during a car delivery ceremony at the VinFast car factory in Haiphong province, Vietnam, September 10, 2022. REUTERS/Thinh Nguyen/File Photo</p></div></div><div id=""story-body"" class=""story bot-15 relative""><p>HANOI: The Vietnam car industry is facing a significant downturn in sales and high inventory levels, despite government efforts to provide support through tax and fee reductions, according to auto experts.</p><p>The local market saw a 25% decline in sales in 2023 compared with 202",,,https://apicms.thestar.com.my/uploads/images/2024/06/03/2728143.JPG,https://apicms.thestar.com.my/uploads/images/2024/06/03/2728143.JPG,28,TheStar,http://www.thestar.com.my/news/latest/?tag=Business
Creating a breakthrough for logistics in the Red River Delta region,https://www.klsescreener.com/v2/news/view/1335903,2024-06-03 09:11:22,2024-06-03 09:11:22,2024-06-03 00:00:00,"HANOI: The Red River Delta’s logistics industry has a lot of potential and opportunity ahead thanks to the region’s coordinated transport infrastructure system, says vice-chairman of the Party Central Committee’s Economic Commission Nguyen Duc Hien.","<div class=""inline-img""><div class=""story-image""><p class=""caption"">The Hải Phòng Port in Hải Phòng City. Localities in the Red River Delta region are advised to prioritise the development of the logistics industry to advance the area's socio-economic development. — VNA/VNS Photo Tuấn Anh</p></div></div><div id=""story-body"" class=""story bot-15 relative""><p>HANOI: The Red River Delta’s logistics industry has a lot of potential and opportunity ahead thanks to the region’s coordinated transport infrastructure system, says vice-chairman of the Party Central Committee’s Economic Commission Nguyen D",,,https://apicms.thestar.com.my/uploads/images/2024/06/03/2728462.jpg,https://apicms.thestar.com.my/uploads/images/2024/06/03/2728462.jpg,28,TheStar,http://www.thestar.com.my/news/latest/?tag=Business
Fahmi: Telcos ready to ink share subscription agreement with DNB for 5G dual network model,https://www.klsescreener.com/v2/news/view/1335819,2024-06-02 19:30:50,2024-06-02 19:30:50,2024-06-02 19:22:28,"KUALA LUMPUR: Telecommunications companies (telcos) involved in the implementation of the dual network 5G model are ready to sign an agreement to take up equity in Digital Nasional Berhad (DNB), said Communications Minister Fahmi Fadzil.He said this development is ...","<div itemprop=""articleBody"" class=""dable-content-wrapper""><p>KUALA LUMPUR: Telecommunications companies (telcos) involved in the implementation of the dual network 5G model are ready to sign an agreement to take up equity in Digital Nasional Berhad (DNB), said Communications Minister Fahmi Fadzil.</p><p>He said this development is in line with the timeline to complete the share subscription agreement process for DNB equity acquisition by June 21.</p><p>He said the second 5G network also focuses on additional aspects such as usage in the micro, small and medium enterprises (MSMEs) and industria",Corporate,,https://assets.nst.com.my/images/articles/FAH_NSTfield_image_listing_featured_v2.var_1717327344.jpg,https://assets.nst.com.my/images/articles/z0206fahmi5G02_1717327338.jpg,79,NST,https://www.nst.com.my/business/corporate
Fahmi: Telcos ready to ink share subscription agreement with DNB for 5G dual network model,https://www.klsescreener.com/v2/news/view/1335813,2024-06-02 18:34:02,2024-06-04 15:49:54,2024-06-02 18:27:11,"Telecommunications companies (telcos) involved in the implementation of the dual network 5G model are ready to sign an agreement to take up equity in Digital Nasional Berhad (DNB), said Communications Minister Fahmi Fadzil.","<div class=newsTextDataWrapInner><p>KUALA LUMPUR (June 2): Telecommunications companies (telcos) involved in the implementation of the dual network 5G model are ready to sign an agreement to take up equity in Digital Nasional Berhad (DNB), said Communications Minister Fahmi Fadzil.</p></div>

<div class=newsTextDataWrapInner><p>He said this development is in line with the timeline to complete the share subscription agreement process for DNB equity acquisition by June 21.</p></div>

<div class=newsTextDataWrapInner><p>He said the second 5G network also focuses on additional aspects such as ",新闻,,https://assets.theedgemarkets.com/fahmi fadzil 20240103_20240103182417_bernama_15.jpg,https://assets.theedgemarkets.com/fahmi fadzil 20240103_20240103182417_bernama_15.jpg,52,TheEdge,http://www.theedgemarkets.com/categories/malaysia
Penang PKR proposes five potential candidates for Sungai Bakap poll,https://www.klsescreener.com/v2/news/view/1335805,2024-06-02 17:17:00,2024-06-04 15:35:00,2024-06-02 17:01:58,"NIBONG TEBAL (June 2): Penang PKR has suggested the names of five party members for the consideration of president Datuk Seri Anwar Ibrahim as its candidate for the Sungai Bakap by-election.

Penang PKR state leadership council deputy chairman Datuk Mohamad Abdul Hamid said the names of ...","<div class=newsTextDataWrapInner><p>NIBONG TEBAL (June 2): Penang PKR has suggested the names of five party members for the consideration of president Datuk Seri Anwar Ibrahim as its candidate for the Sungai Bakap by-election.</p></div>

<div class=newsTextDataWrapInner><p>Penang PKR state leadership council deputy chairman Datuk Mohamad Abdul Hamid said the names of potential candidates were submitted by its branches and division in Nibong Tebal.</p></div>

<div class=newsTextDataWrapInner><p>“The candidates are aged between 30 and 60, some are locals, and there are also candidates from o",Edge,,https://assets.theedgemarkets.com/Mohamad Abdul Hamid fb.jpg,https://assets.theedgemarkets.com/Mohamad Abdul Hamid fb.jpg,52,TheEdge,http://www.theedgemarkets.com/categories/malaysia
CISPE denies it is close to deal over antitrust complaint with Microsoft,https://www.klsescreener.com/v2/news/view/1335787,2024-06-02 14:50:21,2024-06-02 14:50:21,2024-06-02 14:46:19,"European trade group CISPE denied a report on Saturday that it was nearing a settlement with Microsoft to withdraw its antitrust complaint with the European Commission about the U.S. company&#039;s cloud computing licensing practices.CISPE, whose members include ...","<div itemprop=""articleBody"" class=""dable-content-wrapper""><p>European trade group CISPE denied a report on Saturday that it was nearing a settlement with Microsoft to withdraw its antitrust complaint with the European Commission about the U.S. company&#039;s cloud computing licensing practices.</p><p>CISPE, whose members include Amazon and 26 small EU cloud providers, filed a complaint with the European Commission in late 2022 alleging that Microsoft&#039;s new contractual terms were harming Europe&#039;s cloud computing ecosystem.</p><p>Politico reported earlier that Microsoft was closing in ",Corporate,,https://assets.nst.com.my/images/articles/miko_NSTfield_image_listing_featured_v2.var_1717310776.jpg,https://assets.nst.com.my/images/articles/MALAYSIA-TECH-AI-MICROSOFT_1717310769.jpg,79,NST,https://www.nst.com.my/business/corporate
US court approves WeWork bankruptcy exit,https://www.klsescreener.com/v2/news/view/1335781,2024-06-02 14:40:17,2024-06-02 14:40:17,2024-06-02 14:38:22,"NEW YORK: WeWork, the embattled co-working company, has secured final court approval for its restructuring plan, paving the way for it to exit Chapter 11 bankruptcy next month.The US Bankruptcy Court for the District of New Jersey approved WeWork&#039;s ...","<div itemprop=""articleBody"" class=""dable-content-wrapper""><p>NEW YORK: WeWork, the embattled co-working company, has secured final court approval for its restructuring plan, paving the way for it to exit Chapter 11 bankruptcy next month.</p><p>The US Bankruptcy Court for the District of New Jersey approved WeWork&#039;s reorganization plan on Thursday, a crucial milestone for the once high-flying startup that had been weighed down by excessive lease obligations and unsustainable losses.</p><p>""We have emerged from this process with a comprehensive restructuring underway and a redoubled focus o",Property,,https://assets.nst.com.my/images/articles/WORK2_NSTfield_image_listing_featured_v2.var_1717310300.jpg,https://assets.nst.com.my/images/articles/WEWORK-ADAM_NEUMANN__1717310293.jpg,87,NST,https://www.nst.com.my/property
"China&#039;s new home prices inch up for 9th month in May, survey shows",https://www.klsescreener.com/v2/news/view/1335777,2024-06-02 14:30:19,2024-06-02 14:30:19,2024-06-02 14:29:12,"SHANGHAI: New home prices in China rose slightly for a ninth month in May, a private survey showed, driven higher by a slew of supportive steps to prop up the nation&#039;s crisis-hit property sector.The average new home price ...","<div itemprop=""articleBody"" class=""dable-content-wrapper""><p>SHANGHAI: New home prices in China rose slightly for a ninth month in May, a private survey showed, driven higher by a slew of supportive steps to prop up the nation&#039;s crisis-hit property sector.</p><p>The average new home price across 100 cities rose 0.25 per cent on month in May, following a 0.27 per cnet gain in April, the data from real estate researcher China Index Academy showed on Saturday.</p><p>China&#039;s property sector, a pillar of the economy, has lurched from one crisis to another since 2021 after a regulatory cra",Property,,https://assets.nst.com.my/images/articles/HOMES2_NSTfield_image_listing_featured_v2.var_1717309749.jpg,https://assets.nst.com.my/images/articles/16bt07hou_1717309742.jpg,87,NST,https://www.nst.com.my/property
Zahid orders swift probe into claims of Israeli container in Johor,https://www.klsescreener.com/v2/news/view/1335779,2024-06-02 14:33:58,2024-06-04 15:32:43,2024-06-02 14:25:43,"Investigation into the alleged presence of a container bearing the logo of the Israel-based shipping company ZIM at a port in Iskandar Puteri, Johor, needs to be expedited, said Deputy Prime Minister Datuk Seri Dr Ahmad Zahid Hamidi.","<div class=newsTextDataWrapInner><p>BAGAN DATUK (June 2): Investigation into the alleged presence of a container bearing the logo of the Israel-based shipping company ZIM at a port in Iskandar Puteri, Johor, needs to be expedited, said Deputy Prime Minister Datuk Seri Dr Ahmad Zahid Hamidi.</p></div>

<div class=newsTextDataWrapInner><p>Zahid said that the country is bound to the government's policy of no diplomatic relations and no trade agreements with Israel.</p></div>

<div class=newsTextDataWrapInner><p>He said if there are Israeli goods in any port in Malaysia using a third party, th",,,https://assets.theedgemarkets.com/ahmad zahid hamidi 20240602_20240602142415_bernama.jpg,https://assets.theedgemarkets.com/ahmad zahid hamidi 20240602_20240602142415_bernama.jpg,52,TheEdge,http://www.theedgemarkets.com/categories/malaysia
Customs Dept duo plead not guilty to graft charges,https://www.klsescreener.com/v2/news/view/1335775,2024-06-02 14:16:55,2024-06-04 14:49:42,2024-06-02 14:10:34,"Two Royal Malaysian Customs Department (Customs) enforcement assistants were charged at the Sessions Court here Sunday with accepting bribes amounting to RM4,300.","<div class=newsTextDataWrapInner><p>KOTA BHARU (June 2): Two Royal Malaysian Customs Department (Customs) enforcement assistants were charged at the Sessions Court here Sunday with accepting bribes amounting to RM4,300.</p></div>

<div class=newsTextDataWrapInner><p>Mohd Faizul Mat Nasir and Mohamad Rasul Mohd Zukri, both 34, pleaded not guilty after the charges were read separately before judge Ahmad Bazli Bahruddin.</p></div>

<div class=newsTextDataWrapInner><p>Mohd Faizul was charged with accepting bribes amounting to RM1,750 on July 16, 2020, while Mohamad Rasul was charged with two c",新闻,,https://assets.theedgemarkets.com/gavel pexels 20230327_30.jpg,https://assets.theedgemarkets.com/gavel pexels 20230327_30.jpg,52,TheEdge,http://www.theedgemarkets.com/categories/malaysia
IRB’s KL branch office relocated to govt complex on Jalan Tuanku Abdul Halim,https://www.klsescreener.com/v2/news/view/1335761,2024-06-02 12:31:59,2024-06-04 14:49:39,2024-06-02 12:21:25,"The Inland Revenue Board (IRB) Kuala Lumpur branch office is now operating at the government complex on Jalan Tuanku Abdul Halim, Kuala Lumpur.","<div class=newsTextDataWrapInner><p>PUTRAJAYA (June 2): The Inland Revenue Board (IRB) Kuala Lumpur branch office is now operating at the government complex on Jalan Tuanku Abdul Halim, Kuala Lumpur.</p></div>

<div class=newsTextDataWrapInner><p>The IRB, in a statement, said that the branch’s previous office at Menara Olympia, Kuala Lumpur, has been closed.</p></div>

<div class=newsTextDataWrapInner><p>It said any correspondence can be forwarded to LHDN Kuala Lumpur, Locked Bag 00010, General Post Office, 50990 Kuala Lumpur.</p></div><div class=inPageAd id=div-gpt-ad-inpage></div>

<di",新闻,,https://assets.theedgemarkets.com/lhdn irb generic 20230510_20230510175138_bernama_2.jpg,https://assets.theedgemarkets.com/lhdn irb generic 20230510_20230510175138_bernama_2.jpg,52,TheEdge,http://www.theedgemarkets.com/categories/malaysia
Azrin: Sedania poised for growth in coming months,https://www.klsescreener.com/v2/news/view/1335757,2024-06-02 12:11:10,2024-06-02 12:11:10,2024-06-02 12:08:38,"KUALA LUMPUR: Sedania Innovator Bhd is cautiously optimistic and dedicated to achieving positive financial outcomes through strategic plans and rigorous risk assessment to increase its brand visibility in key markets. For the cumulative period of 15 months ended March 31, 2024, the group ...","<div itemprop=""articleBody"" class=""dable-content-wrapper""><p>KUALA LUMPUR: Sedania Innovator Bhd is cautiously optimistic and dedicated to achieving positive financial outcomes through strategic plans and rigorous risk assessment to increase its brand visibility in key markets. </p><p>For the cumulative period of 15 months ended March 31, 2024, the group posted a net profit of RM2.42 million. Its revenue came in at RM64.14 million. </p><p>The group posted a net loss of RM2.7 million in the quarter ended March 31, 2024, with a revenue of RM14.71 million. </p><p>Sedania founder and managing dire",Corporate,,https://assets.nst.com.my/images/articles/Seda02_NSTfield_image_listing_featured_v2.var_1717301315.jpg,https://assets.nst.com.my/images/articles/Sedania_azrin_1717301309.jpg,79,NST,https://www.nst.com.my/business/corporate
"UK house prices return to growth after wobble, lender Nationwide says",https://www.klsescreener.com/v2/news/view/1335753,2024-06-02 12:10:14,2024-06-02 12:10:14,2024-06-02 12:04:47,"LONDON: British house prices rose in May after falling in the previous two months as the property market withstood high borrowing costs, figures from mortgage lender Nationwide showed on Friday.Prices increased by 0.4 per cent from April, the data showed....","<div itemprop=""articleBody"" class=""dable-content-wrapper""><p>LONDON: British house prices rose in May after falling in the previous two months as the property market withstood high borrowing costs, figures from mortgage lender Nationwide showed on Friday.</p><p>Prices increased by 0.4 per cent from April, the data showed.</p><p>Economists polled by Reuters had mostly expected a 0.1 per cent monthly rise.</p><p>Compared with May last year, prices were 1.3 per cent higher, a bigger increase than the median forecast in the Reuters poll for a 0.8 per cent gain.</p><p>""The market appears to be show",Property,,https://assets.nst.com.my/images/articles/UK2_NSTfield_image_listing_featured_v2.var_1717301084.jpg,https://assets.nst.com.my/images/articles/united_kingdom_1717301078.jpg,87,NST,https://www.nst.com.my/property
"Nvidia boss, top chip CEOs to lay out AI plans at Taiwan expo",https://www.klsescreener.com/v2/news/view/1335755,2024-06-02 12:11:05,2024-06-02 12:11:05,2024-06-02 12:02:19,"TAIPEI:  The world&#039;s biggest heavyweights in chipmaking and artificial intelligence will converge this week for Taiwan&#039;s premier tech expo, with Nvidia CEO Jensen Huang expected to get a rockstar reception at his keynote speech on Sunday.There is ...","<div itemprop=""articleBody"" class=""dable-content-wrapper""><p>TAIPEI:  The world&#039;s biggest heavyweights in chipmaking and artificial intelligence will converge this week for Taiwan&#039;s premier tech expo, with Nvidia CEO Jensen Huang expected to get a rockstar reception at his keynote speech on Sunday.</p><p>There is outsized interest in the 2024 edition of Computex, thanks to the participation of not just Huang but the leaders of some of Nvidia&#039;s main rivals in AI hardware, including AMD, Qualcomm and Intel.</p><p>Computex is the top annual tech showcase in Taiwan, whose advanced s",Corporate,,https://assets.nst.com.my/images/articles/TAI2_NSTfield_image_listing_featured_v2.var_1717300936.jpg,https://assets.nst.com.my/images/articles/AFP020617633_1717300929.jpg,79,NST,https://www.nst.com.my/business/corporate
"China commercial banks&#039; profits squeezed, loan quality holds steady",https://www.klsescreener.com/v2/news/view/1335751,2024-06-02 12:01:25,2024-06-02 12:01:25,2024-06-02 11:58:46,"BEIJING: Chinese commercial banks saw their profitability further squeezed in the first quarter of the year amid a slowing economy, while their non-performing loan ratios remained steady, the country&#039;s financial regulator said on Friday.Net interest margin - a ...","<div itemprop=""articleBody"" class=""dable-content-wrapper""><p>BEIJING: Chinese commercial banks saw their profitability further squeezed in the first quarter of the year amid a slowing economy, while their non-performing loan ratios remained steady, the country&#039;s financial regulator said on Friday.</p><p>Net interest margin - a key gauge of profitability - further narrowed to 1.54 per cent in the quarter from 1.69 per cent in the previous three months, the National Financial Regulatory Administration said in a statement on its website.</p><p>Chinese banks face growing profitability pressur",Property,,https://assets.nst.com.my/images/articles/HOUSE2_NSTfield_image_listing_featured_v2.var_1717300724.jpg,https://assets.nst.com.my/images/articles/china_bank_1717300717.jpg,87,NST,https://www.nst.com.my/property
"Stocks rebound while dollar, Treasury yields fall after US data",https://www.klsescreener.com/v2/news/view/1335749,2024-06-02 12:00:44,2024-06-02 12:00:44,2024-06-02 11:56:29,"NEW YORK/LONDON : MSCI&#039;s global equities index staged an afternoon rebound on Friday as investors repositioned for month-end, while the dollar fell with Treasury yields as data showed a modest rise in US inflation in April.After spending most ...","<div itemprop=""articleBody"" class=""dable-content-wrapper""><p>NEW YORK/LONDON : MSCI&#039;s global equities index staged an afternoon rebound on Friday as investors repositioned for month-end, while the dollar fell with Treasury yields as data showed a modest rise in US inflation in April.</p><p>After spending most of the session in the red, the MSCI All Country World Price Index turned positive ahead of a rebalance of the index.</p><p>When Wall Street trading ended, the global index was up 0.57 per cent at 785.54 after falling as low as 776.86 earlier.</p><p>""When you get an upside reversal it",Corporate,,https://assets.nst.com.my/images/articles/BOUND_NSTfield_image_listing_featured_v2.var_1717300586.jpg,https://assets.nst.com.my/images/articles/29bt07wall_1717300579.jpg,79,NST,https://www.nst.com.my/business/corporate
Struggling Dow transport stocks could be economic warning signal,https://www.klsescreener.com/v2/news/view/1335747,2024-06-02 12:00:44,2024-06-02 12:00:44,2024-06-02 11:54:16,"NEW YORK: It&#039;s been a banner year for the major US stock indexes, but one economically sensitive corner of the market sticks out as a sore spot.The Dow Jones Transportation Average has fallen about 5.0 per cent so far ...","<div itemprop=""articleBody"" class=""dable-content-wrapper""><p>NEW YORK: It&#039;s been a banner year for the major US stock indexes, but one economically sensitive corner of the market sticks out as a sore spot.</p><p>The Dow Jones Transportation Average has fallen about 5.0 per cent so far this year, a significant contrast with the 9.0 per cent year-to-date rise for the benchmark S&amp;P 500 and the 1.0 per cent rise in the Dow Jones Industrial Average, which topped 40,000 points for the first time this month.</p><p>While major indexes including the S&amp;P 500, the Nasdaq Composite and the Do",Corporate,,https://assets.nst.com.my/images/articles/STRUG_NSTfield_image_listing_featured_v2.var_1717300453.jpg,https://assets.nst.com.my/images/articles/3US-STOCK-MARKET-DROPS-AND-RECOVERS-AHEAD-OF-INFLATION-DATA-ANNOU_1717300446.jpg,79,NST,https://www.nst.com.my/business/corporate
"Microsoft to pay off cloud industry group to end EU antitrust complaint, Politico reports",https://www.klsescreener.com/v2/news/view/1335745,2024-06-02 11:50:20,2024-06-02 11:50:20,2024-06-02 11:48:55,"BENGALURU: Microsoft is close to reaching a multimillion-euro deal with an Amazon-backed cloud lobby to get it to drop an antitrust complaint with the European Commission, Politico reported on Saturday.The deal, which hasn&#039;t been accepted yet by members ...","<div itemprop=""articleBody"" class=""dable-content-wrapper""><p>BENGALURU: Microsoft is close to reaching a multimillion-euro deal with an Amazon-backed cloud lobby to get it to drop an antitrust complaint with the European Commission, Politico reported on Saturday.</p><p>The deal, which hasn&#039;t been accepted yet by members of the lobby group Cloud Infrastructure Services Providers in Europe (CISPE), would see the providers withdraw an investigation request over Microsoft&#039;s cloud-licensing agreements, the report said, citing industry officials with knowledge of the proposal.</p><p>The pa",Corporate,,https://assets.nst.com.my/images/articles/MIK_NSTfield_image_listing_featured_v2.var_1717300130.jpg,https://assets.nst.com.my/images/articles/hm293mic_1717300123.jpg,79,NST,https://www.nst.com.my/business/corporate
Egypt&#039;s net foreign assets deficit contracts US$586 mln in April,https://www.klsescreener.com/v2/news/view/1335743,2024-06-02 11:00:14,2024-06-02 11:00:14,2024-06-02 10:55:54,"CAIRO: Egypt&#039;s net foreign assets (NFAs) deficit contracted by US$586 million in April, central bank data showed on Friday, after the International Monetary Fund paid an US$820 million loan instalment to the country early in the month.The end-April ...","<div itemprop=""articleBody"" class=""dable-content-wrapper""><p>CAIRO: Egypt&#039;s net foreign assets (NFAs) deficit contracted by US$586 million in April, central bank data showed on Friday, after the International Monetary Fund paid an US$820 million loan instalment to the country early in the month.</p><p>The end-April NFA deficit shrank to 174 billion Egyptian pounds (US$3.68 billion) from 200 billion pounds at end-March, according to the data, the third straight month of decline.</p><p>Egypt signed an US$8 billion financial support package with the IMF on March 6 after sharply devaluing its",Corporate,,https://assets.nst.com.my/images/articles/NET2_NSTfield_image_listing_featured_v2.var_1717296951.jpg,https://assets.nst.com.my/images/articles/egypt_1717296945.jpg,79,NST,https://www.nst.com.my/business/corporate
Tesla shareholder sues Musk for alleged US$7.5b insider trading,https://www.klsescreener.com/v2/news/view/1335741,2024-06-02 11:00:13,2024-06-02 11:00:13,2024-06-02 10:53:01,"SAN FRANCISCO:  A Tesla shareholder filed a lawsuit on Thursday accusing chief executive officer Elon Musk of insider trading when he sold over US$7.5 billion (RM35.3 billion) of shares of the electric car maker in late 2022, saying the billionaire entrepreneur ...","<div itemprop=""articleBody"" class=""dable-content-wrapper""><p>SAN FRANCISCO:  A Tesla shareholder filed a lawsuit on Thursday accusing chief executive officer Elon Musk of insider trading when he sold over US$7.5 billion (RM35.3 billion) of shares of the electric car maker in late 2022, saying the billionaire entrepreneur sold the shares before potentially disappointing production and delivery numbers were made public.</p><p>Shareholder Michael Perry, in the lawsuit filed in Delaware Chancery Court, said that Tesla&#039;s share price plummeted after the company&#039;s fourth-quarter numbers wer",Corporate,,https://assets.nst.com.my/images/articles/TESLA_NSTfield_image_listing_featured_v2.var_1717296778.jpg,https://assets.nst.com.my/images/articles/TESLA_1717296771.jpg,79,NST,https://www.nst.com.my/business/corporate
Jakel committed to invest RM1bil this year and more in 2025 to expand,https://www.klsescreener.com/v2/news/view/1335739,2024-06-02 10:40:38,2024-06-02 10:40:38,2024-06-02 10:30:51,"KUALA LUMPUR: The Jakel family has committed RM1 billion in capital for investment in 2024, with an even larger capital commitment expected in 2025, according to Muhammad Ashraf, director of Jakel Capital Sdn Bhd. He said that digital infrastructure is a key ...","<div itemprop=""articleBody"" class=""dable-content-wrapper""><p>KUALA LUMPUR: The Jakel family has committed RM1 billion in capital for investment in 2024, with an even larger capital commitment expected in 2025, according to Muhammad Ashraf, director of Jakel Capital Sdn Bhd. </p><p>He said that digital infrastructure is a key component of the group&#039;s diversification strategy.</p><p>Jakel Group is partnering with PiDC Holding Bhd to jointly construct a 51 MW data centre in Cyberjaya, Selangor, valued at RM1.2 billion. </p><p>In addition to this venture, Jakel&#039;s strategic investments in",Corporate,,https://assets.nst.com.my/images/articles/JAKEL2_NSTfield_image_listing_featured_v2.var_1717295448.jpg,https://assets.nst.com.my/images/articles/An_artist%27s_impression_of_the_data_centre_in_Putrajaya_1717295442.jpg,79,NST,https://www.nst.com.my/business/corporate
Ringgit expected to remain in tight range versus US Dollar next week ,https://www.klsescreener.com/v2/news/view/1335735,2024-06-02 10:00:36,2024-06-02 10:00:36,2024-06-02 09:54:35,"KUALA LUMPUR: The ringgit is likely to remain in range-bound trading against the US dollar next week as markets further digest the global economic outlook, an analyst said.Bank Muamalat Malaysia Bhd chief economist Dr Mohd Afzanizam Abdul Rashid expected ...","<div itemprop=""articleBody"" class=""dable-content-wrapper""><p>KUALA LUMPUR: The ringgit is likely to remain in range-bound trading against the US dollar next week as markets further digest the global economic outlook, an analyst said.</p><p>Bank Muamalat Malaysia Bhd chief economist Dr Mohd Afzanizam Abdul Rashid expected the local currency to linger in a narrow range around 4.7000 after appreciating earlier in the week.</p><p>He said the market&#039;s focus started to shift to the upcoming Federal Open Market Committee (FOMC) meeting, which is scheduled to convene on June 11 and 12.</p><p>He n",Economy,,https://assets.nst.com.my/images/articles/rengget02_NSTfield_image_listing_featured_v2.var_1717293271.jpg,https://assets.nst.com.my/images/articles/PG200623H62_%282%29_1717293265.jpg,81,NST,https://www.nst.com.my/business/economy
FBM KLCI expected to face downward pressure next week ,https://www.klsescreener.com/v2/news/view/1335737,2024-06-02 10:00:49,2024-06-02 10:00:49,2024-06-02 09:52:35,"KUALA LUMPUR: Bursa Malaysia is expected to face continued downward pressure in the coming week as investors remain cautious, focusing on defensive sectors and avoiding riskier investments.Maybank Investment Bank Bhd chartist Nik Ihsan Raja Abdullah said the FTSE Bursa ...","<div itemprop=""articleBody"" class=""dable-content-wrapper""><p>KUALA LUMPUR: Bursa Malaysia is expected to face continued downward pressure in the coming week as investors remain cautious, focusing on defensive sectors and avoiding riskier investments.</p><p>Maybank Investment Bank Bhd chartist Nik Ihsan Raja Abdullah said the FTSE Bursa Malaysia KLCI (FBM KLCI) may struggle to find an upward momentum unless there are unexpected positive developments in global or local economic data.</p><p>""Based on the recent global market developments, the benchmark index is expected to face a challenging week",Corporate,,https://assets.nst.com.my/images/articles/bossa02_NSTfield_image_listing_featured_v2.var_1717293152.jpg,https://assets.nst.com.my/images/articles/13xxsaham_1717293145.jpg,79,NST,https://www.nst.com.my/business/corporate
Ex-Johor mayor charged with allegedly receiving RM1.5m in bribes,https://www.klsescreener.com/v2/news/view/1335731,2024-06-02 09:35:47,2024-06-04 14:49:46,2024-06-02 09:17:37,"The former mayor of the Johor Bahru City Council (MBJB) pleaded not guilty at the Sessions Court here on Sunday, to 12 counts of accepting bribes amounting to RM1.55 million, between 2020 and 2021.","<div class=newsTextDataWrapInner><p>JOHOR BAHRU (June 2): The former mayor of the Johor Bahru City Council (MBJB) pleaded not guilty at the Sessions Court here on Sunday, to 12 counts of accepting bribes amounting to RM1.55 million, between 2020 and 2021.</p></div>

<div class=newsTextDataWrapInner><p>Datuk Adib Azhari Daud, 63, was alleged to have received money for himself as reward for helping two men secure various projects in the MBJB area, through another individual, between RM10,000 and RM250,000, through 12 different transactions.</p></div>

<div class=newsTextDataWrapInner><p>The ",新闻,,https://assets.theedgemarkets.com/MACC_SPRM_20230516005506_theedgemalaysia_1.jpg,https://assets.theedgemarkets.com/MACC_SPRM_20230516005506_theedgemalaysia_1.jpg,52,TheEdge,http://www.theedgemarkets.com/categories/malaysia
Klopp culture,https://www.klsescreener.com/v2/news/view/1335725,2024-06-02 08:33:47,2024-06-04 14:45:26,2024-06-02 08:30:00,"There are only superlatives to describe the legacy Jürgen Klopp leaves behind at Liverpool FC. If you have been following the club’s trajectory, you cannot deny how his charismatic style energised players, fans and the city alike. This week, our contributor K Raman pens a heartfelt auf wiedersehen to the kaiser chief, who has energised players and fans for a long time.","<div class=newsTextDataWrapInner><p>KUALA LUMPUR (June 2): There are only superlatives to describe the legacy Jürgen Klopp leaves behind at Liverpool FC. If you have been following the club’s trajectory, you cannot deny how his charismatic style energised players, fans and the city alike. This week, our contributor K Raman pens a heartfelt <em>auf wiedersehen</em> to the kaiser chief, who has energised players and fans for a long time.</p></div>

<div class=newsTextDataWrapInner><p>“I remember him saying in his very first interview as manager, ‘We have to change from doubter to believer’. An",Edge,,https://assets.theedgemarkets.com/TEM_Options_Highlights_1526.jpg,https://assets.theedgemarkets.com/TEM_Options_Highlights_1526.jpg,54,TheEdge,http://www.theedgemarkets.com/options/edge
A natural homecoming in a bustling city,https://www.klsescreener.com/v2/news/view/1335723,2024-06-02 08:33:46,2024-06-04 14:19:26,2024-06-02 08:30:00,"The June 3 cover story of City & Country features Asia Quest Group’s Kiaramas deDaun in Mont Kiara, Kuala Lumpur, its the sixth development in the Kiaramas Collection and the firm’s first launch in 10 years.","<div class=newsTextDataWrapInner><p>KUALA LUMPUR (June 2): The June 3 cover story of <i>City &amp; Country</i> features Asia Quest Group’s Kiaramas deDaun in Mont Kiara, Kuala Lumpur, its the sixth development in the Kiaramas Collection and the firm’s first launch in 10 years.</p></div>

<div class=newsTextDataWrapInner><p>This freehold 8.54-acre project is situated along Jalan Desa Kiara, adjacent to Bukit Kiara Hills. It boasts three identical 40-storey residential towers with a total of 661 condominium units, which come in five layouts with built-ups ranging from 1,313 to 4,693 sq ft and ",新闻,,https://assets.theedgemarkets.com/TEM_CC_Highlights_1526.jpg,https://assets.theedgemarkets.com/TEM_CC_Highlights_1526.jpg,54,TheEdge,http://www.theedgemarkets.com/options/edge
